30001,Account Manager,20231101,20241130
30002,Admin Executive,20231101,20241130
30003,Call Centre,20231101,20241130
30004,Consultancy Director,20231101,20241130
30005,Consultant,20231101,20241130
30006,Developer,20231101,20241130
30007,Engineering Director,20231101,20241130
30008,Account Manager,20231101,20241130
30009,Admin Executive,20231101,20241130
30010,Call Centre,20231101,20241130
30011,Consultancy Director,20231101,20241130
30012,Consultant,20231101,20241130
30013,Developer,20231101,20241130
30014,Engineering Director,20231101,20241130